uid,x,y,fid,class
217,45.44240159,38.98040036,1002,person
217,45.15743235,38.41505473,1003,person
217,44.90771863,37.8618499,1004,person
217,44.72260467,37.34128899,1005,person
217,44.60850377,36.86769017,1006,person
217,44.5502836,36.44996958,1007,person
217,44.52169359,36.08893056,1008,person
217,44.49924016,35.77788109,1009,person
217,44.47341632,35.51158415,1010,person
217,44.44834444,35.29882538,1011,person
217,44.43003376,35.15062969,1012,person
217,44.420234,35.06849816,1013,person
217,44.41652488,35.03546095,1014,person
217,44.41618721,35.03053613,1015,person
217,44.4172034,35.03752578,1016,person
217,44.41842018,35.04685219,1017,person
217,44.41933873,35.05415927,1018,person
217,44.41989692,35.05873058,1019,person
217,44.42014019,35.06077893,1020,person
217,44.42019553,35.06131576,1021,person
217,44.42015261,35.06112713,1022,person
217,44.42005798,35.06071148,1023,person
217,44.41992348,35.06030475,1024,person
217,44.41974862,35.0599712,1025,person
217,44.41954512,35.05969354,1026,person
217,44.41941731,35.05947986,1027,person
217,44.41953012,35.05937854,1028,person
217,44.4202096,35.05957939,1029,person
217,44.42186469,35.06040464,1030,person
217,44.42481476,35.06225279,1031,person
217,44.42887824,35.06538401,1032,person
217,44.43266869,35.06946391,1033,person
217,44.43289714,35.07304842,1034,person
217,44.42248429,35.07154666,1035,person
217,44.39296802,35.05874208,1036,person
217,44.33520369,35.02522417,1037,person
217,44.24789908,34.96292976,1038,person
217,44.15137038,34.8733249,1039,person
217,44.09173344,34.76953096,1040,person
217,44.09720327,34.64353999,1041,person
217,44.1743378,34.46421785,1042,person
217,44.30451782,34.18392897,1043,person
217,44.45958191,33.75869724,1044,person
217,44.60245165,33.18122752,1045,person
217,44.7225424,32.49146863,1046,person
217,44.82926909,31.74764014,1047,person
217,44.9271473,30.98566951,1048,person
217,45.00235297,30.21386713,1049,person
217,45.02558869,29.41715193,1050,person
217,44.97512024,28.59437428,1051,person
217,44.8359769,27.75281274,1052,person
217,44.61045463,26.9089134,1053,person
217,44.3130807,26.06571547,1054,person
217,43.96959299,25.22489787,1055,person
217,43.60884733,24.38666955,1056,person
217,43.25125334,23.54071854,1057,person
217,42.90429217,22.67170337,1058,person
217,42.56520763,21.78672532,1059,person
218,44.99827571,38.63297106,1004,person
218,44.73764564,38.02472896,1005,person
218,44.49831523,37.42763349,1006,person
218,44.29622819,36.85704706,1007,person
218,44.13663912,36.32957303,1008,person
218,44.01669849,35.86517876,1009,person
218,43.92772666,35.47481558,1010,person
218,43.86143596,35.16241268,1011,person
218,43.81454279,34.93431804,1012,person
218,43.78701083,34.78836256,1013,person
218,43.77480327,34.71427984,1014,person
218,43.77212843,34.6894677,1015,person
218,43.77358359,34.69000285,1016,person
218,43.77611192,34.69956226,1017,person
218,43.77823869,34.70939172,1018,person
218,43.77955856,34.71625028,1019,person
218,43.78017856,34.71989829,1020,person
218,43.78035653,34.72125417,1021,person
218,43.78032192,34.72136691,1022,person
218,43.78021735,34.72100235,1023,person
218,43.78010157,34.72057826,1024,person
218,43.77997463,34.72024888,1025,person
218,43.77981144,34.71998899,1026,person
218,43.77959258,34.71973109,1027,person
218,43.77935406,34.7193919,1028,person
218,43.77924238,34.71896916,1029,person
218,43.77957302,34.71862876,1030,person
218,43.78084631,34.71881155,1031,person
218,43.78363569,34.72030557,1032,person
218,43.78821757,34.72416108,1033,person
218,43.79380504,34.73123993,1034,person
218,43.7973439,34.74113272,1035,person
218,43.79238747,34.75086168,1036,person
218,43.76722204,34.74939108,1037,person
218,43.70909469,34.72133316,1038,person
218,43.60928047,34.64225001,1039,person
218,43.4803187,34.49020831,1040,person
218,43.36467393,34.25633125,1041,person
218,43.29283564,33.93265703,1042,person
218,43.27493501,33.51491532,1043,person
218,43.30663737,33.00505049,1044,person
218,43.38094795,32.42046042,1045,person
218,43.48760716,31.78233383,1046,person
218,43.61233075,31.11564137,1047,person
218,43.74047074,30.43733692,1048,person
218,43.85797738,29.75883155,1049,person
218,43.95190928,29.07727136,1050,person
218,44.00724739,28.38180741,1051,person
218,44.01019611,27.67109097,1052,person
218,43.9487104,26.94757932,1053,person
218,43.81674808,26.20633872,1054,person
218,43.62170414,25.44749508,1055,person
218,43.38686816,24.68513474,1056,person
218,43.13866143,23.93462189,1057,person
218,42.89449659,23.20602591,1058,person
218,42.65522348,22.49232667,1059,person
219,32.1971404,30.64533236,1053,person
219,32.57097339,30.28793307,1054,person
219,32.9866305,29.93813723,1055,person
219,33.45962766,29.58252459,1056,person
219,33.97001596,29.19289889,1057,person
219,34.48296514,28.74275805,1058,person
219,34.95646283,28.21161373,1059,person
219,35.37138618,27.60083662,1060,person
219,35.73194538,26.94743529,1061,person
219,36.06315914,26.29119157,1062,person
219,36.37938577,25.64725015,1063,person
219,36.67373152,25.00743038,1064,person
219,36.92734893,24.35551344,1065,person
219,37.13359771,23.67807902,1066,person
219,37.26904818,22.94080514,1067,person
219,37.3300967,22.10186186,1068,person
219,37.3534297,21.14721145,1069,person
219,37.41704943,20.1467009,1070,person
219,37.58780635,19.18894647,1071,person
219,37.87768678,18.308672,1072,person
219,38.24051235,17.47686778,1073,person
220,48.90856188,41.20496239,1066,person
220,49.19026067,40.56237473,1067,person
220,49.46060773,39.92143752,1068,person
220,49.70755268,39.28254875,1069,person
220,49.9415355,38.64432274,1070,person
220,50.20311592,38.00322192,1071,person
220,50.5229481,37.33536873,1072,person
220,50.90578987,36.62088423,1073,person
220,51.33858074,35.86505321,1074,person
220,51.80383971,35.08654722,1075,person
220,52.28562697,34.30773567,1076,person
220,52.77455141,33.54393373,1077,person
220,53.26471976,32.79675251,1078,person
220,53.75683971,32.0422967,1079,person
220,54.25932232,31.25468637,1080,person
220,54.76803065,30.44715055,1081,person
220,55.27811637,29.64072304,1082,person
221,38.51914137,35.19134165,1129,person
221,38.73942375,34.60579937,1130,person
221,38.97675839,34.03617484,1131,person
221,39.2277615,33.49668537,1132,person
221,39.46804647,33.01036159,1133,person
221,39.67347386,32.60697099,1134,person
221,39.83468456,32.30329837,1135,person
221,39.96675242,32.09356773,1136,person
221,40.07268003,31.93834862,1137,person
221,40.15174869,31.7713603,1138,person
221,40.23097506,31.51314869,1139,person
221,40.35059441,31.11842665,1140,person
221,40.54125138,30.62310585,1141,person
221,40.82121861,30.07344085,1142,person
221,41.200316,29.4917989,1143,person
221,41.66609315,28.87814736,1144,person
221,42.16525252,28.218683,1145,person
221,42.61507773,27.50750069,1146,person
221,42.96387382,26.75309578,1147,person
221,43.20725839,25.95521417,1148,person
221,43.36113292,25.08675988,1149,person
221,43.455568,24.1154541,1150,person
221,43.53462726,23.04714057,1151,person
221,43.6476912,21.95366049,1152,person
221,43.81346696,20.93121118,1153,person
221,44.02421455,20.02507343,1154,person
221,44.260917,19.20422956,1155,person
222,47.76754697,40.90564347,1146,person
222,48.11047061,40.45872309,1147,person
222,48.44275022,40.03859017,1148,person
222,48.75118058,39.67412901,1149,person
222,49.03328015,39.38007128,1150,person
222,49.2980237,39.14961468,1151,person
222,49.54046807,38.96427365,1152,person
222,49.75018239,38.80139165,1153,person
222,49.92131384,38.63956181,1154,person
222,50.06105629,38.46945696,1155,person
222,50.18196501,38.28982373,1156,person
222,50.28756466,38.10357942,1157,person
222,50.36838937,37.91351496,1158,person
222,50.41723479,37.70764646,1159,person
222,50.43845922,37.46049477,1160,person
222,50.44525758,37.15091621,1161,person
222,50.45791361,36.76116775,1162,person
222,50.49915775,36.28523366,1163,person
222,50.58391112,35.73942051,1164,person
222,50.72375175,35.14795898,1165,person
222,50.92574792,34.53905487,1166,person
222,51.1995722,33.92941617,1167,person
222,51.55453882,33.33268595,1168,person
222,51.98915763,32.76253063,1169,person
222,52.48833787,32.22849091,1170,person
222,53.01926968,31.72279535,1171,person
222,53.53871115,31.21881549,1172,person
222,54.01235744,30.67394316,1173,person
222,54.42846262,30.06151395,1174,person
222,54.80012457,29.38604749,1175,person
222,55.15384244,28.6734938,1176,person
223,29.13672508,27.79857623,1175,person
223,29.72717502,27.73056797,1176,person
223,30.3358272,27.63100049,1177,person
223,30.9613974,27.46695489,1178,person
223,31.59198615,27.21589673,1179,person
223,32.23710107,26.88647611,1180,person
223,32.87380132,26.50673765,1181,person
223,33.46375394,26.0960688,1182,person
223,33.99741718,25.65582549,1183,person
223,34.48235245,25.18347542,1184,person
223,34.92693556,24.68505432,1185,person
223,35.34225556,24.17507615,1186,person
223,35.71944662,23.64364663,1187,person
223,36.04000865,23.06345765,1188,person
223,36.29884396,22.41632231,1189,person
223,36.50899361,21.71358333,1190,person
223,36.68966704,20.98794797,1191,person
223,36.84873906,20.27399274,1192,person
223,36.98379201,19.56376486,1193,person
223,37.11523419,18.858783,1194,person
223,37.27285372,18.18984903,1195,person
223,37.45569322,17.55694221,1196,person
224,28.01350906,27.078308,1175,person
224,28.62269586,27.03069087,1176,person
224,29.20669464,26.94528761,1177,person
224,29.73636904,26.78790271,1178,person
224,30.21770453,26.54005202,1179,person
224,30.6834175,26.19503025,1180,person
224,31.16443791,25.77035943,1181,person
224,31.67625676,25.30037284,1182,person
224,32.21243443,24.82018031,1183,person
224,32.75538194,24.33861123,1184,person
224,33.2984637,23.8552161,1185,person
224,33.85353332,23.38177778,1186,person
224,34.39912437,22.92012029,1187,person
224,34.90206762,22.45275321,1188,person
224,35.33836965,21.95142278,1189,person
224,35.70402773,21.3941598,1190,person
224,35.99391144,20.76808872,1191,person
224,36.20471737,20.09137765,1192,person
224,36.34624545,19.39914989,1193,person
224,36.4463747,18.7316135,1194,person
224,36.53377309,18.10516409,1195,person
224,36.64145664,17.51872631,1196,person
224,36.77903323,16.96363462,1197,person
242,34.99971533,17.76248395,1002,person
242,35.61220144,18.56974823,1003,person
242,36.22468018,19.37790834,1004,person
242,36.79339776,20.15536768,1005,person
242,37.27204431,20.88616365,1006,person
242,37.67675847,21.61763859,1007,person
242,38.03806991,22.36977101,1008,person
242,38.36147174,23.07567009,1009,person
242,38.64093497,23.66825186,1010,person
242,38.9068531,24.18071348,1011,person
242,39.20494092,24.68003047,1012,person
242,39.57785709,25.20560604,1013,person
242,40.05771025,25.77128819,1014,person
242,40.64087855,26.3701114,1015,person
242,41.27279274,26.96356012,1016,person
242,41.88774979,27.50649019,1017,person
242,42.4842322,28.0110062,1018,person
242,43.10377001,28.52982582,1019,person
242,43.77312417,29.1105184,1020,person
242,44.43467895,29.7404225,1021,person
242,45.01018734,30.40563552,1022,person
242,45.44360682,31.11527256,1023,person
242,45.73106578,31.90433856,1024,person
242,45.91359784,32.79116379,1025,person
242,46.05161893,33.75434012,1026,person
242,46.19540476,34.75395085,1027,person
242,46.36171036,35.75452621,1028,person
242,46.5280599,36.73065088,1029,person
242,46.66566384,37.67215404,1030,person
242,46.75950637,38.5867172,1031,person
242,46.816889,39.48967809,1032,person
242,46.85882716,40.38899597,1033,person
243,55.95446868,35.28613904,1023,person
243,55.53425583,35.69308608,1024,person
243,55.13161305,36.08651686,1025,person
243,54.75361006,36.46708988,1026,person
243,54.39354569,36.85214221,1027,person
243,54.03416245,37.26213422,1028,person
243,53.65749146,37.69531435,1029,person
243,53.25395779,38.13545575,1030,person
243,52.81935632,38.55761058,1031,person
243,52.36109362,38.93242805,1032,person
243,51.89054366,39.23476943,1033,person
243,51.41353682,39.4511288,1034,person
243,50.92727961,39.58077247,1035,person
243,50.41944903,39.63413342,1036,person
243,49.88524563,39.62408648,1037,person
243,49.32809003,39.56460187,1038,person
243,48.74089445,39.46758959,1039,person
243,48.11959267,39.34024579,1040,person
243,47.48181315,39.19475513,1041,person
244,55.57116134,34.47324956,1023,person
244,55.18702446,34.92696936,1024,person
244,54.8318353,35.3761423,1025,person
244,54.51846536,35.80524421,1026,person
244,54.23281525,36.20788821,1027,person
244,53.9364509,36.59227258,1028,person
244,53.58401666,36.98453288,1029,person
244,53.13835158,37.41427022,1030,person
244,52.59200778,37.88878765,1031,person
244,51.97330912,38.38616789,1032,person
244,51.33741208,38.87759626,1033,person
244,50.73452974,39.36697843,1034,person
244,50.20491589,39.87647143,1035,person
244,49.76079731,40.41857904,1036,person
244,49.38492203,40.98546504,1037,person
244,49.04198524,41.55938494,1038,person
245,56.41831881,36.59736375,1031,person
245,55.9914302,37.00997699,1032,person
245,55.54417288,37.43093681,1033,person
245,55.07586539,37.86424552,1034,person
245,54.59233135,38.29864735,1035,person
245,54.10001275,38.72925558,1036,person
245,53.60257054,39.1568426,1037,person
245,53.10213554,39.57216426,1038,person
245,52.597001,39.98450829,1039,person
245,52.0867933,40.41177478,1040,person
245,51.5873316,40.85082398,1041,person
245,51.10203664,41.2934601,1042,person
246,48.70323479,24.65297768,1031,person
246,48.67831446,25.51807795,1032,person
246,48.63978912,26.35077943,1033,person
246,48.56414051,27.11450184,1034,person
246,48.42831602,27.76945454,1035,person
246,48.23993545,28.3034513,1036,person
246,48.02108973,28.72001538,1037,person
246,47.78186527,29.01099867,1038,person
246,47.54289263,29.18575505,1039,person
246,47.33273802,29.28172263,1040,person
246,47.16930811,29.33714326,1041,person
246,47.04513347,29.38110763,1042,person
246,46.92897346,29.43861501,1043,person
246,46.78735932,29.53867318,1044,person
246,46.61155172,29.70031509,1045,person
246,46.41169709,29.91659532,1046,person
246,46.2102509,30.16243541,1047,person
246,46.0137091,30.42427012,1048,person
246,45.80413844,30.70739937,1049,person
246,45.56080314,31.03045478,1050,person
246,45.28121593,31.41183221,1051,person
246,44.98932538,31.86127794,1052,person
246,44.71508565,32.37198035,1053,person
246,44.47794072,32.92746186,1054,person
246,44.27913656,33.50742109,1055,person
246,44.11730013,34.10077036,1056,person
246,43.98694369,34.69940635,1057,person
246,43.88170146,35.28720414,1058,person
246,43.80227068,35.85229687,1059,person
246,43.75014612,36.40112102,1060,person
246,43.72276159,36.9442668,1061,person
246,43.71093136,37.48021736,1062,person
247,49.27746615,27.12893718,1033,person
247,49.11375732,27.60698435,1034,person
247,48.94551032,28.04978161,1035,person
247,48.77508813,28.42162256,1036,person
247,48.60711737,28.70656286,1037,person
247,48.43680295,28.92141856,1038,person
247,48.25875485,29.0934407,1039,person
247,48.07375934,29.2333709,1040,person
247,47.89265985,29.34048768,1041,person
247,47.74732003,29.41537559,1042,person
247,47.65216904,29.46954665,1043,person
247,47.58790016,29.53290659,1044,person
247,47.51997253,29.64422822,1045,person
247,47.41883054,29.82927462,1046,person
247,47.26954524,30.07862867,1047,person
247,47.07885257,30.36380724,1048,person
247,46.86297589,30.6888156,1049,person
247,46.61284381,31.11005332,1050,person
247,46.29953862,31.69494322,1051,person
247,45.89851602,32.48010174,1052,person
247,45.44187714,33.40857087,1053,person
247,44.99836638,34.35965637,1054,person
247,44.61280243,35.21531296,1055,person
247,44.26944088,35.9266507,1056,person
247,43.94281107,36.52289361,1057,person
247,43.61532139,37.05662762,1058,person
248,49.27083364,27.88385978,1036,person
248,49.13119403,28.31008926,1037,person
248,48.99003531,28.6954593,1038,person
248,48.84090723,29.02145072,1039,person
248,48.68128728,29.2710767,1040,person
248,48.530456,29.42778661,1041,person
248,48.4125466,29.49690034,1042,person
248,48.32920784,29.51575991,1043,person
248,48.25625042,29.53611307,1044,person
248,48.15652359,29.61174154,1045,person
248,48.00066938,29.78756597,1046,person
248,47.78348055,30.07595393,1047,person
248,47.53328528,30.43709605,1048,person
248,47.30527045,30.80976341,1049,person
248,47.13303477,31.18071504,1050,person
248,46.98812963,31.58281398,1051,person
248,46.81041557,32.06599047,1052,person
248,46.55686172,32.7105391,1053,person
248,46.20320161,33.57251744,1054,person
248,45.75648886,34.61730449,1055,person
248,45.244908,35.72556265,1056,person
248,44.69990246,36.78739466,1057,person
248,44.13510976,37.79654558,1058,person
249,48.06788672,28.24540873,1037,person
249,47.85278829,28.55973968,1038,person
249,47.65274428,28.85598189,1039,person
249,47.49477682,29.10763565,1040,person
249,47.39033193,29.2956548,1041,person
249,47.32522083,29.43160044,1042,person
249,47.27184686,29.54779347,1043,person
249,47.20476012,29.67597698,1044,person
249,47.10619474,29.83984938,1045,person
249,46.97535862,30.0520187,1046,person
249,46.83206403,30.29914634,1047,person
249,46.6799003,30.5587865,1048,person
249,46.49093761,30.82894319,1049,person
249,46.23130201,31.13640773,1050,person
249,45.90335187,31.51835678,1051,person
249,45.54890553,32.00426868,1052,person
249,45.21130507,32.59206152,1053,person
249,44.90951487,33.25895924,1054,person
249,44.65012757,33.94961826,1055,person
249,44.42933348,34.60189169,1056,person
249,44.2317641,35.17568587,1057,person
249,44.03919724,35.68119267,1058,person
249,43.84004802,36.15318273,1059,person
249,43.63033908,36.61983908,1060,person
250,34.28648008,17.02429294,1028,person
250,34.65703287,17.57099295,1029,person
250,35.00549301,18.07438498,1030,person
250,35.33934583,18.529633,1031,person
250,35.66729399,18.93712799,1032,person
250,35.98601132,19.28637364,1033,person
250,36.29191479,19.58149095,1034,person
250,36.59210277,19.8601102,1035,person
250,36.89965521,20.18719829,1036,person
250,37.19275488,20.59916664,1037,person
250,37.40018704,21.06618334,1038,person
250,37.44322517,21.51262564,1039,person
250,37.31429873,21.91112954,1040,person
250,37.06315977,22.32543302,1041,person
250,36.77825181,22.84828131,1042,person
250,36.54488703,23.53004828,1043,person
250,36.37221277,24.31818977,1044,person
250,36.21501583,25.118022,1045,person
250,36.05508672,25.88290045,1046,person
250,35.89323131,26.6083236,1047,person
250,35.73261513,27.29789527,1048,person
250,35.58151315,27.95900879,1049,person
250,35.45420925,28.59564353,1050,person
250,35.36651103,29.21012462,1051,person
250,35.34999108,29.80924883,1052,person
250,35.42590302,30.39607396,1053,person
250,35.59590505,30.96202712,1054,person
250,35.86170002,31.4993616,1055,person
250,36.21977349,32.01328809,1056,person
250,36.65330732,32.51801234,1057,person
250,37.14010604,33.02541801,1058,person
250,37.65836521,33.54219674,1059,person
250,38.19245929,34.06979257,1060,person
251,41.91691988,20.3461016,1036,person
251,42.2894788,21.39977079,1037,person
251,42.62092235,22.43747525,1038,person
251,42.85976384,23.40464944,1039,person
251,42.98096883,24.26383186,1040,person
251,42.99821324,25.04182361,1041,person
251,42.94241709,25.7768638,1042,person
251,42.83892561,26.49630416,1043,person
251,42.70343283,27.22661301,1044,person
251,42.54980531,27.97928693,1045,person
251,42.40102858,28.74719382,1046,person
251,42.28623918,29.51272903,1047,person
251,42.23167065,30.27269577,1048,person
251,42.25501646,31.05803286,1049,person
251,42.36309755,31.88621589,1050,person
251,42.55204178,32.74924033,1051,person
251,42.81280499,33.63436165,1052,person
251,43.12917996,34.51218261,1053,person
251,43.46281223,35.35626128,1054,person
251,43.77523391,36.16278007,1055,person
251,44.03282942,36.92615702,1056,person
251,44.23749251,37.64987448,1057,person
251,44.41343523,38.34623974,1058,person
251,44.58740458,39.03903016,1059,person
251,44.7688652,39.74428485,1060,person
252,42.33095156,21.57679557,1040,person
252,42.4151437,22.45715974,1041,person
252,42.45705768,23.27861489,1042,person
252,42.43190709,24.06053345,1043,person
252,42.33947924,24.87888604,1044,person
252,42.19377829,25.76508512,1045,person
252,42.01899789,26.68855324,1046,person
252,41.85881725,27.61540196,1047,person
252,41.74945208,28.52419249,1048,person
252,41.72460283,29.4134935,1049,person
252,41.80806651,30.30349526,1050,person
252,42.00535588,31.20217905,1051,person
252,42.30740647,32.10017418,1052,person
252,42.68680915,32.98045276,1053,person
252,43.11548294,33.82464717,1054,person
252,43.57400724,34.6076293,1055,person
252,44.06710524,35.31660961,1056,person
252,44.61405663,35.96590417,1057,person
252,45.2100328,36.57328247,1058,person
252,45.82685627,37.15920744,1059,person
252,46.4496143,37.74309376,1060,person
252,47.07917831,38.33085351,1061,person
252,47.72310842,38.92363822,1062,person
252,48.38088179,39.52027447,1063,person
252,49.05185043,40.11984261,1064,person
253,54.84501875,29.32301557,1044,person
253,54.42545907,30.13210998,1045,person
253,54.00085102,30.94946775,1046,person
253,53.57070096,31.75452759,1047,person
253,53.14988945,32.53593938,1048,person
253,52.76369176,33.28273175,1049,person
253,52.44485556,33.99620905,1050,person
253,52.2143206,34.70825032,1051,person
253,52.07609554,35.44150617,1052,person
253,51.99946358,36.19793167,1053,person
253,51.94202314,36.96991727,1054,person
253,51.87164654,37.7443639,1055,person
253,51.7680543,38.49860913,1056,person
253,51.6170564,39.21317462,1057,person
253,51.41443946,39.88794394,1058,person
253,51.16421312,40.5364113,1059,person
253,50.87042694,41.17376542,1060,person
253,50.55179379,41.80412519,1061,person
254,32.79002417,16.48051141,1068,person
254,32.25094755,16.27065546,1069,person
254,31.6874836,16.06174476,1070,person
254,31.06469674,15.8608394,1071,person
254,30.36068613,15.68263081,1072,person
254,29.58035766,15.55293043,1073,person
254,28.79601908,15.53501366,1074,person
254,28.10733292,15.68176549,1075,person
254,27.56459425,15.98083821,1076,person
254,27.12126034,16.38206292,1077,person
254,26.68693982,16.81051341,1078,person
254,26.16853257,17.1785185,1079,person
254,25.51886598,17.42666526,1080,person
254,24.77483454,17.54936458,1081,person
254,24.02732421,17.59875965,1082,person
254,23.33500952,17.62158695,1083,person
254,22.68353669,17.63407719,1084,person
254,22.04693557,17.64556644,1085,person
254,21.41570335,17.66635138,1086,person
254,20.78572647,17.70252025,1087,person
254,20.15197831,17.74950889,1088,person
254,19.51811325,17.80649254,1089,person
254,18.86739304,17.86004027,1090,person
254,18.19570425,17.90104215,1091,person
255,35.23952821,18.42370583,1080,person
255,35.33529427,19.17723699,1081,person
255,35.28020574,19.84764041,1082,person
255,35.00475195,20.40686174,1083,person
255,34.54735805,20.87680334,1084,person
255,34.01362469,21.31043639,1085,person
255,33.51733996,21.77143539,1086,person
255,33.14638741,22.31195211,1087,person
255,32.9037768,22.92705176,1088,person
255,32.72688026,23.57508049,1089,person
255,32.55028929,24.21058096,1090,person
255,32.35643623,24.81076877,1091,person
255,32.17253764,25.38761881,1092,person
255,32.0489693,25.95589895,1093,person
255,32.05082794,26.52304619,1094,person
255,32.20282569,27.07545735,1095,person
255,32.46123255,27.58200339,1096,person
255,32.74919789,28.01518136,1097,person
255,33.02644844,28.39435907,1098,person
255,33.30038667,28.77487418,1099,person
255,33.59022802,29.20586105,1100,person
255,33.89506173,29.69199105,1101,person
255,34.20725865,30.2073143,1102,person
255,34.52857707,30.72409925,1103,person
255,34.85483366,31.2177582,1104,person
255,35.17974188,31.68498266,1105,person
256,35.85538431,18.92788641,1074,person
256,35.87895656,19.41470902,1075,person
256,35.84553141,19.85785571,1076,person
256,35.71079351,20.21381117,1077,person
256,35.47507599,20.48672436,1078,person
256,35.16056196,20.72432551,1079,person
256,34.78757483,20.97754741,1080,person
256,34.38430408,21.25943065,1081,person
256,33.97282372,21.57932469,1082,person
256,33.56719954,21.95270348,1083,person
256,33.19529438,22.39623366,1084,person
256,32.8886368,22.92331223,1085,person
256,32.6609198,23.53391611,1086,person
256,32.49036281,24.20808585,1087,person
256,32.3114416,24.89348362,1088,person
256,32.05433971,25.52851081,1089,person
256,31.69047653,26.06833615,1090,person
256,31.25694696,26.51315603,1091,person
256,30.83542577,26.89364999,1092,person
256,30.47596146,27.24312656,1093,person
256,30.1929081,27.58670404,1094,person
256,29.972036,27.94179695,1095,person
256,29.77704418,28.30536956,1096,person
257,34.49256216,17.84370328,1078,person
257,34.53305042,18.4210535,1079,person
257,34.51728051,18.96683878,1080,person
257,34.40704122,19.46861782,1081,person
257,34.18390583,19.92514474,1082,person
257,33.86028023,20.34875473,1083,person
257,33.47917578,20.75420285,1084,person
257,33.10721075,21.16996013,1085,person
257,32.77355655,21.60906075,1086,person
257,32.46312078,22.06458693,1087,person
257,32.16116598,22.5377472,1088,person
257,31.84669652,23.01432292,1089,person
257,31.50662559,23.48067484,1090,person
257,31.13453399,23.92400365,1091,person
257,30.75260958,24.3529446,1092,person
257,30.41342364,24.79823505,1093,person
257,30.15567734,25.28805875,1094,person
257,29.98660303,25.81725347,1095,person
257,29.86735699,26.34707106,1096,person
257,29.7469427,26.84843553,1097,person
257,29.58464832,27.29549975,1098,person
257,29.36358592,27.68761352,1099,person
257,29.10294616,28.05621615,1100,person
258,33.88829965,18.03800324,1075,person
258,34.06925168,18.8746518,1076,person
258,34.18232304,19.63383585,1077,person
258,34.17605865,20.26252719,1078,person
258,34.04501723,20.77901963,1079,person
258,33.82933998,21.26705267,1080,person
258,33.59289921,21.80358565,1081,person
258,33.35117919,22.39991168,1082,person
258,33.08792883,23.01451742,1083,person
258,32.78245976,23.61307681,1084,person
258,32.43606587,24.17878161,1085,person
258,32.03748541,24.69506413,1086,person
258,31.57286858,25.15629232,1087,person
258,31.04425551,25.57411597,1088,person
258,30.46051872,25.94527248,1089,person
258,29.82056841,26.25721722,1090,person
258,29.14217782,26.51485913,1091,person
258,28.50851045,26.75245968,1092,person
258,27.98116214,27.00549763,1093,person
258,27.54162986,27.28425787,1094,person
259,49.57584721,24.28845233,1089,person
259,49.43783468,24.99211643,1090,person
259,49.30080924,25.72680099,1091,person
259,49.16274796,26.49724539,1092,person
259,49.01678402,27.26505857,1093,person
259,48.85728955,27.98603434,1094,person
259,48.68629882,28.64694292,1095,person
259,48.52708568,29.27291791,1096,person
259,48.42027794,29.87885026,1097,person
259,48.39928718,30.47978198,1098,person
259,48.47111044,31.10703952,1099,person
259,48.6029977,31.78707197,1100,person
259,48.72193699,32.48996597,1101,person
259,48.77313081,33.18727542,1102,person
259,48.73677253,33.86992901,1103,person
259,48.628788,34.55434286,1104,person
259,48.48190601,35.24933138,1105,person
259,48.32226984,35.94889191,1106,person
259,48.1691765,36.63717432,1107,person
259,48.03440105,37.29647432,1108,person
259,47.92722497,37.92214044,1109,person
259,47.84283921,38.53460728,1110,person
259,47.76394902,39.15205424,1111,person
259,47.67195496,39.77226523,1112,person
259,47.56497832,40.3956381,1113,person
259,47.45230138,41.02159691,1114,person
260,56.31851855,35.05727711,1112,person
260,56.16227379,35.56269264,1113,person
260,55.99516524,36.08298461,1114,person
260,55.79139619,36.63877806,1115,person
260,55.51955813,37.24514115,1116,person
260,55.16285318,37.90495985,1117,person
260,54.74093567,38.5975259,1118,person
260,54.28929924,39.30064067,1119,person
261,56.09674989,35.1330563,1119,person
261,55.77502209,35.84876659,1120,person
261,55.44029325,36.55802698,1121,person
261,55.08134897,37.23667899,1122,person
261,54.69134373,37.87339837,1123,person
261,54.27326343,38.4726634,1124,person
261,53.84095872,39.03575591,1125,person
261,53.40614946,39.55189111,1126,person
261,52.96406179,40.01405962,1127,person
261,52.50029389,40.42565686,1128,person
261,52.003286,40.80857492,1129,person
261,51.47788748,41.18254928,1130,person
261,50.94634475,41.55270417,1131,person
261,50.42299655,41.9162175,1132,person
262,56.46395695,35.98781497,1120,person
262,56.0681852,36.6817266,1121,person
262,55.65284843,37.38845515,1122,person
262,55.21590344,38.08303499,1123,person
262,54.75712232,38.75258331,1124,person
262,54.28198367,39.40638498,1125,person
263,32.3628726,17.57899263,1122,person
263,31.88479881,17.75256648,1123,person
263,31.38634526,17.95193905,1124,person
263,30.87420954,18.23852808,1125,person
263,30.37924791,18.69290064,1126,person
263,29.93277781,19.34446164,1127,person
263,29.53131741,20.13356628,1128,person
263,29.14090803,20.96401621,1129,person
263,28.72050719,21.75725444,1130,person
263,28.26212837,22.49574924,1131,person
263,27.75446964,23.18463921,1132,person
263,27.19200626,23.82221641,1133,person
263,26.55359557,24.39029972,1134,person
263,25.81947142,24.87224174,1135,person
263,25.04167229,25.2981598,1136,person
263,24.26367188,25.70246844,1137,person
264,41.72601749,22.36007805,1123,person
264,41.42406241,23.07347263,1124,person
264,41.1168011,23.84305522,1125,person
264,40.81286977,24.70520877,1126,person
264,40.51947019,25.66160422,1127,person
264,40.24570753,26.65187536,1128,person
264,39.99501863,27.57545417,1129,person
264,39.74691424,28.38853246,1130,person
264,39.46189863,29.08068727,1131,person
264,39.13021592,29.67203449,1132,person
264,38.76944428,30.19835033,1133,person
264,38.41114952,30.70088149,1134,person
264,38.0728239,31.19874321,1135,person
264,37.76333179,31.69396439,1136,person
264,37.49003095,32.19623752,1137,person
264,37.25402858,32.72284815,1138,person
264,37.05600706,33.28686184,1139,person
264,36.88534185,33.88874213,1140,person
264,36.72886617,34.51136829,1141,person
265,42.21785466,25.71384552,1125,person
265,41.99654602,26.31940747,1126,person
265,41.77091122,26.9289405,1127,person
265,41.53149769,27.5401451,1128,person
265,41.27286705,28.15101654,1129,person
265,40.99490133,28.75712895,1130,person
265,40.69934959,29.35048808,1131,person
265,40.39315482,29.92366771,1132,person
265,40.08469285,30.48084431,1133,person
265,39.78607999,31.02760612,1134,person
265,39.49424909,31.55867666,1135,person
265,39.20711734,32.06996427,1136,person
265,38.93613239,32.56253686,1137,person
265,38.67398848,33.03856543,1138,person
265,38.39187637,33.50970818,1139,person
265,38.07076362,33.99136199,1140,person
265,37.70733937,34.48487955,1141,person
265,37.32286054,34.98573184,1142,person
265,36.93781759,35.49548493,1143,person
266,41.44211575,24.73823343,1125,person
266,41.28685516,25.37701689,1126,person
266,41.15278108,26.00719376,1127,person
266,41.04344161,26.62690255,1128,person
266,40.92996461,27.24177598,1129,person
266,40.76957624,27.85937924,1130,person
266,40.54226332,28.47828942,1131,person
266,40.25443046,29.09252195,1132,person
266,39.92581783,29.68873116,1133,person
266,39.57699502,30.2590384,1134,person
266,39.22297405,30.80399645,1135,person
266,38.86307482,31.33245585,1136,person
266,38.49709333,31.85517146,1137,person
266,38.13762181,32.38531548,1138,person
266,37.80377412,32.9314412,1139,person
266,37.50635491,33.49929762,1140,person
266,37.23859175,34.07933468,1141,person
266,36.98090037,34.64211217,1142,person
266,36.72537375,35.18179231,1143,person
267,33.77053869,17.86209232,1135,person
267,33.26225059,18.37539849,1136,person
267,32.82394514,18.95050535,1137,person
267,32.53933553,19.608174,1138,person
267,32.41614329,20.30367342,1139,person
267,32.39825313,20.98553738,1140,person
267,32.42252578,21.64970029,1141,person
267,32.44935092,22.30961983,1142,person
267,32.4847996,22.98948267,1143,person
267,32.57270332,23.72109459,1144,person
267,32.77356817,24.53867514,1145,person
267,33.10179825,25.43303983,1146,person
267,33.5188648,26.34782315,1147,person
267,33.9400844,27.19383077,1148,person
267,34.33517655,27.93622397,1149,person
267,34.728347,28.59202575,1150,person
267,35.15653901,29.20534626,1151,person
267,35.65178681,29.82837068,1152,person
267,36.21810748,30.49301852,1153,person
267,36.80980146,31.18264927,1154,person
267,37.38442523,31.87008891,1155,person
267,37.92363509,32.53947313,1156,person
267,38.44016939,33.19556438,1157,person
267,38.94564948,33.84002475,1158,person
267,39.44073543,34.4703713,1159,person
267,39.92936085,35.09416905,1160,person
267,40.41210462,35.71402677,1161,person
268,55.22295404,29.4527445,1160,person
268,54.95580151,29.89615173,1161,person
268,54.70170131,30.31404245,1162,person
268,54.47227602,30.69654542,1163,person
268,54.26963539,31.05057396,1164,person
268,54.09298624,31.3904823,1165,person
268,53.9384409,31.73988017,1166,person
268,53.79056988,32.13551782,1167,person
268,53.63583143,32.59479812,1168,person
268,53.47183484,33.10072271,1169,person
268,53.30163843,33.62557891,1170,person
268,53.11993237,34.1490013,1171,person
268,52.92150547,34.65394467,1172,person
268,52.71482059,35.13572852,1173,person
268,52.51867618,35.6063625,1174,person
268,52.34555721,36.08056383,1175,person
268,52.19209233,36.55331918,1176,person
268,52.04089464,37.02702252,1177,person
268,51.88007121,37.50344068,1178,person
268,51.70892981,37.97251814,1179,person
268,51.53195552,38.42517817,1180,person
268,51.35377077,38.85297195,1181,person
268,51.16857841,39.27248202,1182,person
268,50.97084468,39.70607365,1183,person
268,50.75509145,40.16291231,1184,person
268,50.52062518,40.63545493,1185,person
268,50.27298419,41.11598754,1186,person
269,54.40839793,29.94786209,1160,person
269,54.1624764,30.28083646,1161,person
269,53.92905377,30.58053428,1162,person
269,53.7149232,30.84628062,1163,person
269,53.53071179,31.09815229,1164,person
269,53.38304041,31.3652195,1165,person
269,53.27388847,31.67285117,1166,person
269,53.19045289,32.04459552,1167,person
269,53.10674608,32.48436106,1168,person
269,52.9972114,32.96580889,1169,person
269,52.85100059,33.45232583,1170,person
269,52.67126783,33.93267373,1171,person
269,52.46965425,34.4147309,1172,person
269,52.2643836,34.8978608,1173,person
269,52.06767792,35.37108967,1174,person
269,51.87765895,35.83281885,1175,person
269,51.68769058,36.29382181,1176,person
269,51.49251635,36.76682577,1177,person
269,51.2920101,37.24527181,1178,person
269,51.08720597,37.71128265,1179,person
269,50.88099498,38.16949731,1180,person
269,50.67673937,38.63606639,1181,person
269,50.47389281,39.11820596,1182,person
269,50.26604155,39.5971022,1183,person
269,50.05032337,40.04899708,1184,person
269,49.83030282,40.46477864,1185,person
269,49.60910561,40.85214723,1186,person
269,49.38463099,41.22800149,1187,person
270,33.66594189,17.26623215,1164,person
270,33.2538687,17.49587155,1165,person
270,32.87957526,17.79619206,1166,person
270,32.57998709,18.21060235,1167,person
270,32.35819973,18.72258811,1168,person
270,32.17908757,19.27374185,1169,person
270,31.99639956,19.81349859,1170,person
270,31.77252221,20.32088986,1171,person
270,31.50603422,20.80582044,1172,person
270,31.22269511,21.27453559,1173,person
270,30.92328752,21.70836234,1174,person
270,30.59232736,22.08036028,1175,person
270,30.2185059,22.37879269,1176,person
270,29.81077253,22.61988448,1177,person
270,29.40848563,22.8497677,1178,person
270,29.02948725,23.11409801,1179,person
270,28.65417263,23.43047376,1180,person
270,28.26119104,23.77426413,1181,person
270,27.82235726,24.10515076,1182,person
270,27.315221,24.38672163,1183,person
270,26.73848879,24.60513243,1184,person
270,26.11052824,24.77110767,1185,person
270,25.45086351,24.90591158,1186,person
271,30.96963852,16.12208975,1164,person
271,30.25221162,16.15734942,1165,person
271,29.56982069,16.23757905,1166,person
271,28.94180321,16.39215196,1167,person
271,28.37796772,16.6346934,1168,person
271,27.88489357,16.96475674,1169,person
271,27.47746674,17.38390627,1170,person
271,27.15740015,17.87574067,1171,person
271,26.90175038,18.41474613,1172,person
271,26.69056513,18.97122492,1173,person
271,26.52464822,19.52038045,1174,person
271,26.39377515,20.05844645,1175,person
271,26.26476645,20.59035518,1176,person
271,26.0983501,21.09798875,1177,person
271,25.86042547,21.54465194,1178,person
271,25.54676914,21.92011186,1179,person
271,25.1720376,22.2540659,1180,person
271,24.73513488,22.56047844,1181,person
271,24.21859614,22.81434929,1182,person
271,23.62475199,22.99591698,1183,person
271,22.98722714,23.12901645,1184,person
272,30.29684009,14.30580218,1181,person
272,30.16473622,14.99625032,1182,person
272,29.98421918,15.68966483,1183,person
272,29.74316775,16.41732028,1184,person
272,29.49916556,17.24687282,1185,person
272,29.32645231,18.25229731,1186,person
272,29.26176325,19.49439174,1187,person
272,29.27758708,20.94513822,1188,person
272,29.25258323,22.43256575,1189,person
272,29.09071169,23.80248051,1190,person
272,28.7866884,24.97757557,1191,person
272,28.39226265,25.94311991,1192,person
272,27.97382258,26.77652057,1193,person
274,56.07726152,35.55517477,1130,person
274,55.69501302,36.15704775,1131,person
274,55.32198,36.74686996,1132,person
274,54.95508101,37.31775616,1133,person
274,54.58405479,37.87241919,1134,person
274,54.20251415,38.41477584,1135,person
274,53.81053669,38.93581555,1136,person
274,53.40851573,39.42852891,1137,person
274,53.00092248,39.88914578,1138,person
274,52.57851019,40.33341465,1139,person
274,52.11491795,40.79790084,1140,person
274,51.61729685,41.27892145,1141,person
274,51.1033956,41.76222915,1142,person
275,56.23628627,34.98672277,1151,person
275,55.8818936,35.50368795,1152,person
275,55.51953363,36.03884934,1153,person
275,55.14756928,36.58804498,1154,person
275,54.76143768,37.13684305,1155,person
275,54.34849996,37.67587146,1156,person
275,53.9003192,38.19260062,1157,person
275,53.40993882,38.6681775,1158,person
275,52.88025295,39.08039335,1159,person
275,52.32643678,39.42267138,1160,person
275,51.75951089,39.70979995,1161,person
275,51.18832094,39.96633763,1162,person
276,56.10287431,35.50850452,1176,person
276,55.5735018,36.05938003,1177,person
276,55.05391482,36.61699175,1178,person
276,54.55218409,37.18103959,1179,person
276,54.06831589,37.74638943,1180,person
276,53.58564723,38.32468035,1181,person
276,53.09237708,38.91885387,1182,person
276,52.58817206,39.51685845,1183,person
276,52.08418831,40.10620214,1184,person
276,51.57931319,40.69885223,1185,person
276,51.07279906,41.30058533,1186,person
276,50.56671217,41.90166231,1187,person
277,56.46462484,36.81141711,1177,person
277,56.01116113,37.33915104,1178,person
277,55.53048561,37.87436776,1179,person
277,55.00968519,38.40916595,1180,person
277,54.45496548,38.93592845,1181,person
277,53.87956615,39.45590481,1182,person
277,53.29546175,39.96707646,1183,person
277,52.70404985,40.47698843,1184,person
306,63.93467268,34.0402277,1012,person
306,63.66735314,34.8806733,1013,person
306,63.42488295,35.67239425,1014,person
306,63.23874429,36.36237319,1015,person
306,63.12465074,36.89342564,1016,person
306,63.07116637,37.23379315,1017,person
306,63.05607934,37.40722725,1018,person
306,63.05915881,37.46687723,1019,person
306,63.06734491,37.46763044,1020,person
306,63.07443741,37.44821975,1021,person
306,63.07864075,37.42875443,1022,person
306,63.08023294,37.41623278,1023,person
306,63.08010739,37.41082171,1024,person
306,63.07917563,37.41014369,1025,person
306,63.07835832,37.41126912,1026,person
306,63.07885251,37.41111617,1027,person
306,63.08234364,37.4062405,1028,person
306,63.09074009,37.39308396,1029,person
306,63.10486559,37.36985183,1030,person
306,63.12153212,37.34112808,1031,person
306,63.12887457,37.32558609,1032,person
306,63.10130931,37.36477848,1033,person
306,62.99847497,37.52609845,1034,person
306,62.77699429,37.88548559,1035,person
306,62.42081514,38.47687082,1036,person
306,61.95867707,39.24864945,1037,person
306,61.42965991,40.10966401,1038,person
306,60.85940131,40.99329635,1039,person
306,60.25137869,41.87411037,1040,person
306,59.63322784,42.72792072,1041,person
306,59.01607655,43.57648236,1042,person
306,58.38814542,44.45456905,1043,person
306,57.74362531,45.3650041,1044,person
307,68.15561406,36.7651697,1023,person
307,67.82363845,37.10612363,1024,person
307,67.49529076,37.4408755,1025,person
307,67.16784192,37.77333395,1026,person
307,66.83666792,38.10608169,1027,person
307,66.50449304,38.4266325,1028,person
307,66.16134637,38.71879022,1029,person
307,65.79519719,38.97493513,1030,person
307,65.40701175,39.20270493,1031,person
307,65.0082266,39.4113881,1032,person
307,64.60845684,39.61158365,1033,person
307,64.20641738,39.83127138,1034,person
307,63.79050145,40.10137418,1035,person
307,63.34593064,40.44598634,1036,person
307,62.87908802,40.87459056,1037,person
307,62.42161512,41.36889396,1038,person
307,62.01593826,41.90058647,1039,person
307,61.67140422,42.44826296,1040,person
307,61.36514753,42.99575556,1041,person
307,61.06641085,43.52691869,1042,person
307,60.74047077,44.0332522,1043,person
307,60.36467627,44.49370178,1044,person
307,59.94224947,44.8904648,1045,person
307,59.48442209,45.23824349,1046,person
307,59.00194304,45.56307866,1047,person
308,67.89334033,36.2118974,1024,person
308,67.49315171,36.49572122,1025,person
308,67.09105149,36.779135,1026,person
308,66.68433335,37.06104032,1027,person
308,66.28172457,37.33322633,1028,person
308,65.90290606,37.58595384,1029,person
308,65.55291367,37.82331156,1030,person
308,65.22315471,38.06438261,1031,person
308,64.88844461,38.31995604,1032,person
308,64.52626463,38.59327369,1033,person
308,64.1202472,38.89696008,1034,person
308,63.66591147,39.24363681,1035,person
308,63.17646696,39.63354759,1036,person
308,62.67950589,40.04877026,1037,person
308,62.20948599,40.46408458,1038,person
308,61.76948609,40.86621493,1039,person
308,61.34142407,41.26316508,1040,person
308,60.92229449,41.6501035,1041,person
308,60.5167274,42.02341947,1042,person
308,60.1243143,42.38775521,1043,person
308,59.74040637,42.73901356,1044,person
308,59.36356426,43.06365555,1045,person
308,58.99468454,43.3673394,1046,person
308,58.63181595,43.65795851,1047,person
308,58.27161669,43.93816859,1048,person
308,57.91226399,44.20097178,1049,person
308,57.5524992,44.44733711,1050,person
309,62.94804933,34.04289377,1056,person
309,62.76266186,34.69694953,1057,person
309,62.60226347,35.32805472,1058,person
309,62.46838614,35.90531047,1059,person
309,62.32351554,36.43486851,1060,person
309,62.12843449,36.93602116,1061,person
309,61.87417334,37.42100928,1062,person
309,61.57379744,37.90326193,1063,person
309,61.25209576,38.38492457,1064,person
309,60.92035545,38.87521479,1065,person
309,60.58797856,39.37703965,1066,person
309,60.26661135,39.88440799,1067,person
309,59.96447289,40.38795902,1068,person
309,59.68051761,40.88809276,1069,person
309,59.40993522,41.39309231,1070,person
309,59.14635231,41.8964964,1071,person
309,58.88709888,42.38269676,1072,person
309,58.62703412,42.83947101,1073,person
309,58.35275227,43.27110335,1074,person
309,58.0544602,43.68643631,1075,person
309,57.73503661,44.08904207,1076,person
309,57.40401717,44.48565363,1077,person
310,64.30884995,34.32897992,1056,person
310,64.13374628,34.86093355,1057,person
310,63.96873344,35.39318931,1058,person
310,63.80503925,35.92913294,1059,person
310,63.6237766,36.47435029,1060,person
310,63.4111438,36.99686772,1061,person
310,63.16899328,37.4779182,1062,person
310,62.90748741,37.94711648,1063,person
310,62.63185187,38.44130432,1064,person
310,62.34436243,38.9741598,1065,person
310,62.04092358,39.53451347,1066,person
310,61.72266761,40.10525318,1067,person
310,61.40409139,40.66006418,1068,person
310,61.09759629,41.19913559,1069,person
310,60.80940295,41.73399753,1070,person
310,60.53033186,42.26335861,1071,person
310,60.24915202,42.77376368,1072,person
310,59.95521314,43.26393088,1073,person
310,59.64997151,43.74234625,1074,person
310,59.3471263,44.21387887,1075,person
310,59.05091475,44.68533057,1076,person
310,58.75862428,45.15047465,1077,person
311,63.44276351,36.58200439,1060,person
311,63.12754027,37.0623656,1061,person
311,62.80322045,37.5542624,1062,person
311,62.47349024,38.07315168,1063,person
311,62.15479036,38.62194482,1064,person
311,61.85931491,39.18650554,1065,person
311,61.58320098,39.75226547,1066,person
311,61.31815601,40.30995766,1067,person
311,61.05409575,40.85115859,1068,person
311,60.78448289,41.37788886,1069,person
311,60.5016664,41.89731061,1070,person
311,60.20248259,42.40185,1071,person
311,59.8918214,42.8822112,1072,person
311,59.57790916,43.34345706,1073,person
311,59.26910764,43.78509183,1074,person
311,58.97421777,44.19178321,1075,person
311,58.69859376,44.56263267,1076,person
311,58.43314592,44.91415842,1077,person
312,62.90874504,36.57701203,1060,person
312,62.61275507,37.10279341,1061,person
312,62.29748521,37.62472711,1062,person
312,61.96568462,38.1492866,1063,person
312,61.63204041,38.68704409,1064,person
312,61.31526232,39.23084712,1065,person
312,61.02047561,39.76060085,1066,person
312,60.73777972,40.26563818,1067,person
312,60.45164532,40.75313217,1068,person
312,60.15582948,41.24176608,1069,person
312,59.85950446,41.72823853,1070,person
312,59.58222844,42.20760923,1071,person
312,59.336695,42.68130318,1072,person
312,59.1068325,43.16437698,1073,person
312,58.86615267,43.68095719,1074,person
312,58.6011963,44.23324553,1075,person
312,58.31968785,44.80142172,1076,person
313,59.03343626,35.81167687,1055,person
313,58.94272273,36.07946078,1056,person
313,58.86884465,36.34910088,1057,person
313,58.81039672,36.61837544,1058,person
313,58.74842525,36.89027659,1059,person
313,58.65431125,37.18405657,1060,person
313,58.50318293,37.52604427,1061,person
313,58.28423324,37.93878347,1062,person
313,58.00117328,38.40847769,1063,person
313,57.67163107,38.89944803,1064,person
313,57.31624239,39.38684972,1065,person
313,56.94688231,39.86267511,1066,person
313,56.56851793,40.33477456,1067,person
314,62.57009129,36.20310462,1073,person
314,62.29467545,36.9405286,1074,person
314,61.99857777,37.67141743,1075,person
314,61.66786626,38.37943751,1076,person
314,61.30497557,39.04549715,1077,person
314,60.92702365,39.67843236,1078,person
314,60.54724423,40.27446433,1079,person
314,60.16565883,40.83498965,1080,person
314,59.78459753,41.38172351,1081,person
314,59.41031065,41.92341235,1082,person
314,59.05119756,42.45290514,1083,person
314,58.70083822,42.96495202,1084,person
314,58.35126829,43.46749746,1085,person
314,57.99896475,43.96846254,1086,person
314,57.64670994,44.47317533,1087,person
315,73.89769958,40.86586716,1090,person
315,73.57196795,41.18369256,1091,person
315,73.28316995,41.51348906,1092,person
315,73.08069126,41.85314849,1093,person
315,72.96994287,42.18578798,1094,person
315,72.9027095,42.47230882,1095,person
315,72.8141587,42.65950499,1096,person
315,72.65903563,42.71433734,1097,person
315,72.40521824,42.62561097,1098,person
315,72.02646771,42.39557771,1099,person
315,71.54837037,42.05810326,1100,person
315,71.03676758,41.68526111,1101,person
315,70.57587004,41.3591715,1102,person
315,70.18968085,41.10589047,1103,person
315,69.85175857,40.91192007,1104,person
315,69.53020503,40.76407432,1105,person
315,69.21881725,40.66575058,1106,person
315,68.933421,40.62238835,1107,person
315,68.69556866,40.62414703,1108,person
315,68.52125333,40.64760637,1109,person
315,68.41077456,40.67351481,1110,person
315,68.35243738,40.6906648,1111,person
315,68.33247632,40.69678506,1112,person
315,68.32958067,40.69907287,1113,person
315,68.31723162,40.71283699,1114,person
315,68.26618704,40.75985365,1115,person
315,68.15033499,40.86245413,1116,person
315,67.96043867,41.03249471,1117,person
315,67.71458158,41.26924293,1118,person
315,67.45769552,41.55939157,1119,person
315,67.22413487,41.89480293,1120,person
315,67.01822294,42.27916799,1121,person
315,66.83282149,42.70495355,1122,person
315,66.65229697,43.15292316,1123,person
315,66.45580728,43.60373608,1124,person
315,66.22944049,44.04030413,1125,person
315,65.96864295,44.44166005,1126,person
315,65.66930198,44.80007191,1127,person
315,65.32313832,45.12159859,1128,person
315,64.92986841,45.39847336,1129,person
315,64.49536203,45.62603345,1130,person
315,64.03974886,45.82789846,1131,person
315,63.59956713,46.04298303,1132,person
315,63.19127427,46.27611413,1133,person
315,62.80585959,46.51932949,1134,person
316,68.21166941,37.86617051,1108,person
316,67.81850075,37.87222017,1109,person
316,67.43512574,37.88800411,1110,person
316,67.05938018,37.92686762,1111,person
316,66.69376966,37.99238532,1112,person
316,66.34956819,38.08483428,1113,person
316,66.03153727,38.20784753,1114,person
316,65.73909928,38.36394105,1115,person
316,65.47596803,38.55105631,1116,person
316,65.2490642,38.7651591,1117,person
316,65.05434806,39.00145614,1118,person
316,64.88055664,39.25326406,1119,person
316,64.725158,39.51308084,1120,person
316,64.59636162,39.7855178,1121,person
316,64.49852914,40.09168022,1122,person
316,64.41552446,40.44143343,1123,person
316,64.32631119,40.82561786,1124,person
316,64.21972562,41.21834835,1125,person
316,64.09712615,41.59990209,1126,person
316,63.96600527,41.95687941,1127,person
316,63.83875203,42.2915816,1128,person
316,63.72319522,42.61493246,1129,person
316,63.61495305,42.93165379,1130,person
316,63.4995632,43.24861171,1131,person
316,63.3687037,43.56922721,1132,person
316,63.21964212,43.8932044,1133,person
316,63.05626112,44.2094732,1134,person
316,62.88680906,44.50801998,1135,person
316,62.71317104,44.78858397,1136,person
316,62.52659034,45.05431256,1137,person
316,62.30426903,45.30684328,1138,person
316,62.02034278,45.52712248,1139,person
316,61.66011888,45.67334743,1140,person
316,61.23596227,45.70605518,1141,person
316,60.77582118,45.63732565,1142,person
316,60.30251611,45.52403889,1143,person
317,66.18958915,36.06053863,1160,person
317,66.21855097,36.483808,1161,person
317,66.24599878,36.87900037,1162,person
317,66.29060205,37.23163898,1163,person
317,66.36738692,37.53579919,1164,person
317,66.46682537,37.79874142,1165,person
317,66.5640003,38.04076655,1166,person
317,66.63522952,38.30515142,1167,person
317,66.66213052,38.64688577,1168,person
317,66.63397717,39.09916026,1169,person
317,66.55287068,39.65525423,1170,person
317,66.41624052,40.27625671,1171,person
317,66.21736231,40.91655493,1172,person
317,65.97805829,41.53472628,1173,person
317,65.73722046,42.13104318,1174,person
317,65.53507572,42.72902521,1175,person
317,65.40136265,43.35461839,1176,person
317,65.34397453,44.02500541,1177,person
317,65.35325435,44.75322316,1178,person
317,65.40972057,45.51550464,1179,person
317,65.4860119,46.27349817,1180,person
317,65.55140872,46.98544874,1181,person
317,65.58470244,47.63181633,1182,person
317,65.57410348,48.21338284,1183,person
317,65.53064054,48.76172188,1184,person
317,65.4790777,49.31549637,1185,person
317,65.43462439,49.88593294,1186,person
337,66.94735438,50.58899834,1011,person
337,67.18072686,50.08234834,1012,person
337,67.39725569,49.63133622,1013,person
337,67.57551936,49.26012263,1014,person
337,67.69034943,48.96156489,1015,person
337,67.74003669,48.71861362,1016,person
337,67.74532938,48.52651123,1017,person
337,67.73292898,48.39350462,1018,person
337,67.71785857,48.32108541,1019,person
337,67.70228884,48.29407508,1020,person
337,67.68458487,48.29204661,1021,person
337,67.66587666,48.29860733,1022,person
337,67.65549307,48.30188858,1023,person
337,67.67455519,48.2883986,1024,person
337,67.75776126,48.24152668,1025,person
337,67.94487428,48.14711432,1026,person
337,68.25620534,48.0012067,1027,person
337,68.67300504,47.79520816,1028,person
337,69.15009369,47.50638298,1029,person
337,69.65092169,47.11952545,1030,person
337,70.1781803,46.65712051,1031,person
337,70.73785327,46.17414096,1032,person
337,71.31754742,45.72201131,1033,person
337,71.89759456,45.3186635,1034,person
337,72.47802394,44.96943635,1035,person
337,73.06822667,44.66273916,1036,person
337,73.68285909,44.38245526,1037,person
337,74.32837369,44.13059667,1038,person
337,74.98387634,43.92728664,1039,person
337,75.63249322,43.78624123,1040,person
337,76.25638684,43.69568184,1041,person
337,76.85886889,43.63194957,1042,person
337,77.4525659,43.57933887,1043,person
337,78.04413059,43.53227237,1044,person
338,66.98319023,50.93862396,1002,person
338,67.00055458,50.52601989,1003,person
338,67.01963865,50.16629987,1004,person
338,67.03865412,49.87430102,1005,person
338,67.05139826,49.64640606,1006,person
338,67.05531778,49.48071128,1007,person
338,67.05583371,49.37528624,1008,person
338,67.05503877,49.31261376,1009,person
338,67.05481971,49.27322529,1010,person
338,67.05815273,49.24963122,1011,person
338,67.06673905,49.23517518,1012,person
338,67.07920854,49.22621166,1013,person
338,67.09053963,49.22383533,1014,person
338,67.09774911,49.22494301,1015,person
338,67.10074004,49.22663403,1016,person
338,67.10042011,49.22769537,1017,person
338,67.09763257,49.22809493,1018,person
338,67.0932174,49.22862222,1019,person
338,67.0889122,49.23070776,1020,person
338,67.08819024,49.23559668,1021,person
338,67.09469208,49.2407321,1022,person
338,67.10999462,49.23709765,1023,person
338,67.13358017,49.21818798,1024,person
338,67.16445728,49.18958469,1025,person
338,67.20965215,49.14043543,1026,person
338,67.27726658,49.04417923,1027,person
338,67.36630129,48.87224537,1028,person
338,67.47547038,48.60119509,1029,person
338,67.62061992,48.22152798,1030,person
338,67.82789418,47.7533212,1031,person
338,68.09756811,47.22399068,1032,person
338,68.39476728,46.64399829,1033,person
338,68.66005547,46.00772978,1034,person
338,68.84721779,45.3153844,1035,person
338,68.96665983,44.57847859,1036,person
338,69.0630575,43.82851563,1037,person
338,69.18296829,43.10393543,1038,person
338,69.34899737,42.42125157,1039,person
338,69.57844563,41.77225894,1040,person
338,69.87457862,41.15381814,1041,person
338,70.21925847,40.55743498,1042,person
338,70.58321633,39.97604314,1043,person
338,70.95678034,39.40373246,1044,person
338,71.34055289,38.8342865,1045,person
339,75.11646841,55.23756596,1045,person
339,75.47919262,54.72926048,1046,person
339,75.86200395,54.25300897,1047,person
339,76.30095256,53.8220471,1048,person
339,76.81340415,53.42943722,1049,person
339,77.36147732,53.04000552,1050,person
339,77.87931646,52.61502719,1051,person
339,78.34409488,52.15434104,1052,person
339,78.75160032,51.67690919,1053,person
339,79.10776708,51.20172464,1054,person
339,79.43215378,50.74757252,1055,person
339,79.74639067,50.32257144,1056,person
339,80.0531351,49.92047684,1057,person
339,80.32854336,49.51103203,1058,person
339,80.5512351,49.06892774,1059,person
339,80.76053256,48.61219944,1060,person
339,80.97842266,48.1424329,1061,person
339,81.20445269,47.65887148,1062,person
339,81.43885631,47.16658829,1063,person
340,57.4426581,44.07775939,1070,person
340,57.66283091,43.61040522,1071,person
340,57.86514339,43.16000247,1072,person
340,58.03598476,42.74050849,1073,person
340,58.17508699,42.3698888,1074,person
340,58.29697997,42.05385472,1075,person
340,58.42757129,41.76490588,1076,person
340,58.59563034,41.45701381,1077,person
340,58.81934313,41.10089961,1078,person
340,59.1041974,40.70005619,1079,person
340,59.44833899,40.26715899,1080,person
340,59.83112565,39.83468489,1081,person
340,60.2296906,39.4210086,1082,person
340,60.62217454,39.02964431,1083,person
340,60.99122415,38.65958213,1084,person
340,61.33107936,38.3052217,1085,person
340,61.64939013,37.96773318,1086,person
340,61.96278452,37.64664819,1087,person
340,62.27854525,37.33498169,1088,person
340,62.59013137,37.00957296,1089,person
340,62.88189511,36.64519062,1090,person
340,63.13757468,36.22940727,1091,person
340,63.34695895,35.76080127,1092,person
340,63.50914395,35.25104653,1093,person
340,63.63451645,34.72202312,1094,person
341,57.13108366,42.93815704,1073,person
341,57.24995663,42.47090437,1074,person
341,57.3526174,42.02192446,1075,person
341,57.43791047,41.5750642,1076,person
341,57.5291264,41.09752751,1077,person
341,57.65482231,40.56505262,1078,person
341,57.82838991,39.97527739,1079,person
341,58.04272839,39.3335516,1080,person
341,58.28154334,38.65072382,1081,person
341,58.53336511,37.93822708,1082,person
341,58.79144155,37.21513085,1083,person
341,59.06020428,36.49449602,1084,person
341,59.33681055,35.77396304,1085,person
342,57.26749839,43.36357436,1072,person
342,57.41139426,42.871896,1073,person
342,57.54001876,42.39907755,1074,person
342,57.6472975,41.95881277,1075,person
342,57.73973865,41.56140736,1076,person
342,57.83284395,41.2007518,1077,person
342,57.94812652,40.83765353,1078,person
342,58.10714254,40.4173229,1079,person
342,58.3217852,39.89216729,1080,person
342,58.57125944,39.27007771,1081,person
342,58.82134313,38.5841814,1082,person
342,59.04448113,37.86540537,1083,person
342,59.22555335,37.14812977,1084,person
342,59.36821818,36.46292404,1085,person
342,59.48655725,35.82721213,1086,person
342,59.59674174,35.22940602,1087,person
343,59.33968481,45.12756606,1074,person
343,59.4954699,44.80410979,1075,person
343,59.63612529,44.51684012,1076,person
343,59.75582274,44.28397132,1077,person
343,59.85758202,44.08608555,1078,person
343,59.95320213,43.88030781,1079,person
343,60.061414,43.62383096,1080,person
343,60.19452251,43.30995234,1081,person
343,60.35718583,42.97125346,1082,person
343,60.53989635,42.65324244,1083,person
343,60.73008994,42.37225195,1084,person
343,60.93089378,42.10061213,1085,person
343,61.15167581,41.79040834,1086,person
343,61.39920666,41.40203045,1087,person
343,61.66665934,40.9404049,1088,person
343,61.94002402,40.44553272,1089,person
343,62.21069537,39.94943241,1090,person
343,62.46446884,39.47136255,1091,person
343,62.69935838,39.01482237,1092,person
343,62.92325021,38.57530222,1093,person
343,63.14488821,38.14506386,1094,person
343,63.36168299,37.73584382,1095,person
343,63.56964634,37.36616736,1096,person
343,63.76644138,37.06291706,1097,person
343,63.94762218,36.84531574,1098,person
343,64.10570103,36.71173787,1099,person
343,64.22844574,36.64472461,1100,person
343,64.3059756,36.62010185,1101,person
343,64.34819833,36.61710001,1102,person
343,64.37417028,36.62170793,1103,person
344,57.18642502,43.18794387,1105,person
344,57.41525128,42.79108474,1106,person
344,57.62530965,42.43370709,1107,person
344,57.80094767,42.15194122,1108,person
344,57.9301299,41.95363154,1109,person
344,58.01941506,41.81039239,1110,person
344,58.09039196,41.68009567,1111,person
344,58.16416659,41.53539155,1112,person
344,58.2551705,41.37059428,1113,person
344,58.37132712,41.19613473,1114,person
344,58.51847085,41.00596673,1115,person
344,58.69206389,40.77949543,1116,person
344,58.8732254,40.49266657,1117,person
344,59.04540345,40.14365686,1118,person
344,59.20187613,39.75419724,1119,person
344,59.34771054,39.34418072,1120,person
344,59.48909347,38.92280472,1121,person
344,59.62515386,38.48454658,1122,person
344,59.74461933,38.02679771,1123,person
344,59.83888341,37.54997318,1124,person
344,59.89164397,37.05728331,1125,person
344,59.89055147,36.55924871,1126,person
344,59.84262179,36.06822214,1127,person
344,59.77014768,35.59004302,1128,person
345,66.24319139,49.58023562,1166,person
345,66.46693698,49.29132302,1167,person
345,66.67303991,48.99418627,1168,person
345,66.84900119,48.67198171,1169,person
345,66.99337526,48.2957584,1170,person
345,67.1155384,47.85167166,1171,person
345,67.23304691,47.34451718,1172,person
345,67.36354206,46.79424694,1173,person
345,67.51075778,46.23327626,1174,person
345,67.65778669,45.67991018,1175,person
345,67.78285471,45.1208902,1176,person
345,67.88294539,44.53755527,1177,person
345,67.97163876,43.92963931,1178,person
345,68.05926895,43.30952365,1179,person
345,68.13894242,42.68059624,1180,person
345,68.19409491,42.05211412,1181,person
345,68.22205198,41.4423333,1182,person
345,68.23759863,40.86365592,1183,person
345,68.24571118,40.32012933,1184,person
345,68.24454352,39.80327012,1185,person
345,68.24467539,39.30880287,1186,person
345,68.24118051,38.81963829,1187,person
345,68.22426636,38.31245511,1188,person
345,68.19719926,37.77545683,1189,person
345,68.16638925,37.22254818,1190,person
345,68.13135504,36.67527851,1191,person
345,68.08906717,36.1390055,1192,person
1173,26.62780224,16.04557858,1019,car
1173,28.21248645,17.20877638,1020,car
1173,29.86960414,18.41777516,1021,car
1173,31.67712409,19.71294775,1022,car
1173,33.54413131,21.01162879,1023,car
1173,35.36023004,22.24591183,1024,car
1173,37.04968935,23.38791177,1025,car
1173,38.58930898,24.44687265,1026,car
1173,40.01740345,25.44106873,1027,car
1173,41.3472074,26.36608035,1028,car
1173,42.57492437,27.21160729,1029,car
1173,43.68555461,27.95573971,1030,car
1173,44.65435216,28.5876623,1031,car
1173,45.48017686,29.10524744,1032,car
1173,46.183172,29.54270829,1033,car
1173,46.79853694,29.92736066,1034,car
1173,47.36586272,30.27949654,1035,car
1173,47.92613671,30.61408239,1036,car
1173,48.51638744,30.95624179,1037,car
1173,49.17155973,31.33919463,1038,car
1173,49.89458665,31.76356155,1039,car
1173,50.66846072,32.2287603,1040,car
1173,51.4937311,32.70249217,1041,car
1173,52.33882072,33.1863499,1042,car
1173,53.3022984,33.73054236,1043,car
1173,54.41898466,34.3520596,1044,car
1173,55.69518802,35.05271491,1045,car
1173,57.11922661,35.8338679,1046,car
1173,58.68054442,36.69477285,1047,car
1173,60.36188442,37.6330492,1048,car
1173,62.11582772,38.63551839,1049,car
1173,63.90834768,39.69115607,1050,car
1173,65.70865412,40.79783715,1051,car
1173,67.45107459,41.9127568,1052,car
1173,69.05907048,42.94584681,1053,car
1173,70.46529654,43.82859493,1054,car
1173,71.62212718,44.59543349,1055,car
1173,72.57706723,45.17809802,1056,car
1173,73.31865084,45.62937872,1057,car
1173,73.92673896,46.01623742,1058,car
1173,74.47774516,46.42176648,1059,car
1173,75.10387604,46.8379418,1060,car
1173,75.84724744,47.3374308,1061,car
1173,76.69759837,47.91850041,1062,car
1174,21.48753415,11.2632163,1070,car
1174,23.07106032,12.66144457,1071,car
1174,24.63931924,14.02464679,1072,car
1174,26.21415774,15.35624835,1073,car
1174,27.8193215,16.67328814,1074,car
1174,29.4682003,17.99462145,1075,car
1174,31.14703656,19.33032631,1076,car
1174,32.84416804,20.68691977,1077,car
1174,34.56799494,22.06999805,1078,car
1174,36.31695111,23.46225613,1079,car
1174,38.09109035,24.83345448,1080,car
1174,39.9368872,26.18937732,1081,car
1174,41.91380586,27.55629925,1082,car
1174,43.91272936,28.86483212,1083,car
1174,45.84668487,30.08134598,1084,car
1174,47.65701571,31.18356321,1085,car
1174,49.31056502,32.14771601,1086,car
1174,50.77743101,32.96203364,1087,car
1174,52.02754799,33.64610662,1088,car
1174,53.08517714,34.21366253,1089,car
1174,54.02274336,34.74608959,1090,car
1174,54.83305231,35.18928214,1091,car
1174,55.52287932,35.56194225,1092,car
1174,56.12010029,35.88161332,1093,car
1174,56.65866967,36.17787862,1094,car
1174,57.18114224,36.46562787,1095,car
1174,57.7343213,36.75073725,1096,car
1174,58.34783522,37.06261284,1097,car
1174,59.06091367,37.40611867,1098,car
1174,59.8567228,37.81072641,1099,car
1174,60.83933129,38.32644026,1100,car
1174,62.05712158,38.96980553,1101,car
1174,63.47619595,39.74206136,1102,car
1174,65.04716444,40.62122365,1103,car
1174,66.72534822,41.58255263,1104,car
1174,68.50931976,42.61603705,1105,car
1174,70.41619685,43.74208614,1106,car
1174,72.43853593,44.9656146,1107,car
1174,74.55664528,46.26411519,1108,car
1174,76.72441176,47.60591733,1109,car
1174,78.91538298,48.95857534,1110,car
1175,22.39214008,12.02470032,1095,car
1175,24.85254432,14.04475381,1096,car
1175,27.27588624,16.03570095,1097,car
1175,29.62620699,17.95923812,1098,car
1175,31.87390334,19.7787295,1099,car
1175,34.00869508,21.47756604,1100,car
1175,36.08060011,23.08347467,1101,car
1175,38.22365078,24.69893444,1102,car
1175,40.35984633,26.27760534,1103,car
1175,42.34076767,27.70745519,1104,car
1175,44.12071619,28.93782792,1105,car
1175,45.75117381,29.99857437,1106,car
1175,47.32823717,30.9590645,1107,car
1175,48.95542619,31.88033067,1108,car
1175,50.67865889,32.83597812,1109,car
1175,52.6337919,33.84481867,1110,car
1175,55.35538434,35.30112866,1111,car
1175,58.71891487,37.16201521,1112,car
1175,61.80552531,38.95972057,1113,car
1175,64.40112042,40.51124395,1114,car
1175,66.83038283,41.95840399,1115,car
1175,69.23787448,43.39285159,1116,car
1175,71.65266315,44.83364128,1117,car
1175,74.09135403,46.32151114,1118,car
1175,76.5521766,47.82636767,1119,car
1176,24.70248027,14.31914966,1104,car
1176,26.99326816,16.01739457,1105,car
1176,29.22103796,17.68553716,1106,car
1176,31.34320464,19.30056312,1107,car
1176,33.37676645,20.86762806,1108,car
1176,35.38788849,22.41414985,1109,car
1176,37.42144608,23.94804025,1110,car
1176,39.46373025,25.44836075,1111,car
1176,41.47976253,26.88421385,1112,car
1176,43.40082717,28.20390223,1113,car
1176,45.16273639,29.33726313,1114,car
1176,46.70511554,30.25418899,1115,car
1176,47.98291579,31.00536688,1116,car
1176,49.01640516,31.615468,1117,car
1176,49.85795641,32.06665215,1118,car
1176,50.48145547,32.43857552,1119,car
1176,50.90510331,32.72386233,1120,car
1176,51.17251491,32.90716145,1121,car
1176,51.31284221,33.04214532,1122,car
1176,51.38718818,33.10307453,1123,car
1176,51.41853088,33.13018249,1124,car
1176,51.43433724,33.14329744,1125,car
1176,51.44784446,33.15318075,1126,car
1176,51.46159348,33.16095716,1127,car
1176,51.48247114,33.17105971,1128,car
1176,51.52343209,33.19233779,1129,car
1176,51.5990378,33.23519656,1130,car
1176,51.726608,33.31049725,1131,car
1176,51.92778557,33.42977398,1132,car
1176,52.24024256,33.58348113,1133,car
1176,52.65079059,33.83306283,1134,car
1176,53.18716588,34.15851449,1135,car
1176,53.79616059,34.55798378,1136,car
1176,54.98303162,35.32260322,1137,car
1176,56.8539271,36.50034304,1138,car
1176,59.14555433,37.85880506,1139,car
1176,61.5100109,39.1508513,1140,car
1176,63.81371833,40.32282886,1141,car
1176,65.98400632,41.41815224,1142,car
1176,68.06894301,42.48092521,1143,car
1176,70.06434752,43.53014535,1144,car
1176,71.96347342,44.59999927,1145,car
1176,73.82516318,45.67092482,1146,car
1176,75.66604471,46.83422165,1147,car
1176,77.53354921,48.01011549,1148,car
1177,26.10450608,14.93633652,1109,car
1177,28.27027566,16.71371507,1110,car
1177,30.3509942,18.40307267,1111,car
1177,32.32949785,19.96939487,1112,car
1177,34.22816313,21.42096545,1113,car
1177,36.06471467,22.78233001,1114,car
1177,37.82996842,24.06595366,1115,car
1177,39.48770149,25.25903805,1116,car
1177,40.97484449,26.36158614,1117,car
1177,42.26852048,27.29321027,1118,car
1177,43.32123487,28.01042094,1119,car
1177,44.06750899,28.51532585,1120,car
1177,44.54230007,28.83374081,1121,car
1177,44.84983904,29.03155393,1122,car
1177,45.07711859,29.16765678,1123,car
1177,45.26097262,29.27303026,1124,car
1177,45.39738406,29.35052371,1125,car
1177,45.47726299,29.39820202,1126,car
1177,45.50733414,29.41820899,1127,car
1177,45.50766441,29.41932316,1128,car
1177,45.50766441,29.41932316,1129,car
1177,45.50766441,29.41932316,1130,car
1177,45.52060583,29.42841609,1131,car
1177,45.62616284,29.48520076,1132,car
1177,45.83485491,29.59937165,1133,car
1177,46.17237759,29.79019855,1134,car
1177,46.65322753,30.07615288,1135,car
1177,47.31590434,30.46422692,1136,car
1177,48.18657136,30.99372609,1137,car
1177,49.271043,31.64565063,1138,car
1177,50.51270518,32.35362153,1139,car
1177,51.82278548,33.14079334,1140,car
1177,54.1116607,34.53629719,1141,car
1177,57.27644988,36.4113424,1142,car
1177,60.25310032,38.03809145,1143,car
1177,62.67264618,39.28767124,1144,car
1177,64.87634153,40.4078887,1145,car
1177,67.034924,41.51799465,1146,car
1177,69.11470143,42.6158988,1147,car
1177,71.0859311,43.70019572,1148,car
1177,72.93016286,44.76505254,1149,car
1177,74.67208024,45.80878089,1150,car
1177,76.36599454,46.84253431,1151,car
1177,78.0676712,47.88800111,1152,car
1177,79.77597746,48.93426823,1153,car
1178,24.31612794,13.31131942,1113,car
1178,26.26000556,15.00323322,1114,car
1178,28.18267254,16.6693221,1115,car
1178,30.06963016,18.27982437,1116,car
1178,31.91648496,19.81713644,1117,car
1178,33.67951986,21.24807814,1118,car
1178,35.24782593,22.48445642,1119,car
1178,36.5065228,23.42200279,1120,car
1178,37.36716126,24.04028364,1121,car
1178,37.88592363,24.42208127,1122,car
1178,38.18664311,24.64112184,1123,car
1178,38.33658822,24.75037326,1124,car
1178,38.38473125,24.78599307,1125,car
1178,38.38473125,24.78599307,1126,car
1178,38.38473125,24.78599307,1127,car
1178,38.38473125,24.78599307,1128,car
1178,38.38473125,24.78599307,1129,car
1178,38.38473125,24.78599307,1130,car
1178,38.44284674,24.83640838,1131,car
1178,38.70065231,25.00683072,1132,car
1178,39.13056905,25.27302941,1133,car
1178,39.67869314,25.62514526,1134,car
1178,40.29589317,26.03974538,1135,car
1178,40.96024404,26.48502151,1136,car
1178,41.66962872,26.96363349,1137,car
1178,42.41434096,27.46739577,1138,car
1178,43.21711562,27.99574456,1139,car
1178,44.16407082,28.60667407,1140,car
1178,45.40809966,29.38234365,1141,car
1178,47.10829445,30.43103368,1142,car
1178,49.24554683,31.7375487,1143,car
1178,51.70702769,33.25917836,1144,car
1178,54.6321832,35.05935948,1145,car
1178,57.76945073,36.90456548,1146,car
1178,60.38422978,38.36839802,1147,car
1178,62.39680714,39.42870541,1148,car
1178,64.36199878,40.46883203,1149,car
1178,66.33185336,41.547143,1150,car
1178,68.28042221,42.657739,1151,car
1178,70.16658163,43.77783778,1152,car
1178,71.95506829,44.87057661,1153,car
1178,73.65935648,45.92649415,1154,car
1178,75.31021404,46.96075805,1155,car
1178,76.98789094,48.01014671,1156,car
1178,78.71008653,49.0845814,1157,car
1179,29.20887331,17.30916268,1122,car
1179,29.99870382,17.94362862,1123,car
1179,30.75182738,18.5514937,1124,car
1179,31.45045838,19.10584859,1125,car
1179,32.10105143,19.62706966,1126,car
1179,32.7161327,20.1167881,1127,car
1179,33.23288718,20.51943315,1128,car
1179,33.59815753,20.79729778,1129,car
1179,33.80751954,20.94862006,1130,car
1179,33.88950605,21.00270774,1131,car
1179,33.89360863,21.00365802,1132,car
1179,33.89360863,21.00365802,1133,car
1179,33.89360863,21.00365802,1134,car
1179,33.89375102,21.00369104,1135,car
1179,34.03876192,21.11006337,1136,car
1179,34.32253593,21.33445397,1137,car
1179,34.72730432,21.65121913,1138,car
1179,35.16846191,21.99712184,1139,car
1179,35.60238171,22.3310097,1140,car
1179,36.06890129,22.67990516,1141,car
1179,36.63527941,23.09661146,1142,car
1179,37.29889667,23.57226449,1143,car
1179,37.9952203,24.06877174,1144,car
1179,38.63368544,24.51819353,1145,car
1179,39.15309965,24.87644642,1146,car
1179,39.55430994,25.14892994,1147,car
1179,39.87899729,25.3637564,1148,car
1179,40.18119286,25.56160071,1149,car
1179,40.52108749,25.78239387,1150,car
1179,40.97088763,26.07637227,1151,car
1179,41.61644551,26.49809522,1152,car
1179,42.51974096,27.082506,1153,car
1179,43.70326429,27.83620853,1154,car
1179,45.14248277,28.73990513,1155,car
1179,46.76255435,29.74408924,1156,car
1179,48.47771308,30.79569237,1157,car
1179,50.22309523,31.86381926,1158,car
1179,51.93280786,32.93603187,1159,car
1179,53.63939512,34.0011006,1160,car
1179,55.89147991,35.45745687,1161,car
1179,58.65369539,37.20884219,1162,car
1179,61.30778238,38.76159976,1163,car
1179,63.63129469,40.05489643,1164,car
1179,65.86926318,41.27526485,1165,car
1179,68.11222407,42.50355008,1166,car
1179,70.33438857,43.73684206,1167,car
1179,72.51577953,44.97323952,1168,car
1179,74.64889257,46.20262597,1169,car
1179,76.72366699,47.41492193,1170,car
1179,78.77410928,48.61011316,1171,car
1180,15.83241286,5.81162151,1143,car
1180,17.99936324,7.80726941,1144,car
1180,20.1371964,9.76411661,1145,car
1180,22.20840418,11.62935252,1146,car
1180,24.19070284,13.37462139,1147,car
1180,26.08796268,15.00894822,1148,car
1180,27.88371035,16.52789368,1149,car
1180,29.54949079,17.91395724,1150,car
1180,31.05234369,19.1441902,1151,car
1180,32.40881074,20.23936829,1152,car
1180,33.67584971,21.25933943,1153,car
1180,34.89145523,22.23605084,1154,car
1180,36.08570078,23.18267718,1155,car
1180,37.2907845,24.11138718,1156,car
1180,38.55694776,25.04521682,1157,car
1180,39.93677725,26.00747228,1158,car
1180,41.43848881,26.99034007,1159,car
1180,43.05496039,27.98336714,1160,car
1180,44.83547794,29.01892337,1161,car
1180,46.86337232,30.15843261,1162,car
1180,49.02325622,31.3860986,1163,car
1180,51.21273454,32.65005757,1164,car
1180,53.41953276,34.03100003,1165,car
1180,55.88597096,35.57577484,1166,car
1180,58.51057341,37.16025852,1167,car
1180,60.8697087,38.533459,1168,car
1180,62.90378666,39.65693768,1169,car
1180,64.89381563,40.75118488,1170,car
1180,66.84711793,41.83444622,1171,car
1180,68.73784837,42.90801978,1172,car
1180,70.57758549,43.98033503,1173,car
1180,72.38820679,45.04831947,1174,car
1180,74.19303562,46.11909556,1175,car
1180,76.03998839,47.20303635,1176,car
1180,77.93278702,48.31386523,1177,car
1201,70.99249306,46.54076172,1012,car
1201,70.05608153,45.75080429,1013,car
1201,69.12314207,45.01220718,1014,car
1201,68.16278326,44.33649122,1015,car
1201,67.16002079,43.72516384,1016,car
1201,66.11903017,43.15467001,1017,car
1201,65.01449926,42.61082273,1018,car
1201,63.77934329,42.05595331,1019,car
1201,62.33109762,41.46729761,1020,car
1201,60.74667081,40.8435652,1021,car
1201,59.08145419,40.1839307,1022,car
1201,57.37858508,39.4677693,1023,car
1201,55.76680745,38.71133825,1024,car
1201,54.38555148,38.03153676,1025,car
1201,53.18161578,37.39559855,1026,car
1201,51.88599349,36.70197199,1027,car
1201,50.43161823,35.91190339,1028,car
1201,48.78693989,35.01665681,1029,car
1201,46.96057973,34.02379925,1030,car
1201,44.98627573,32.95687586,1031,car
1201,42.90390828,31.83603128,1032,car
1201,40.75717191,30.67177019,1033,car
1201,38.59294007,29.48012344,1034,car
1201,36.4612506,28.27771251,1035,car
1201,34.33628692,27.02963928,1036,car
1201,32.19339478,25.70271976,1037,car
1201,29.97205283,24.24064377,1038,car
1201,27.72826081,22.71550316,1039,car
1201,25.57067018,21.17791745,1040,car
1201,23.47199216,19.6828482,1041,car
1202,74.56241163,49.95527153,1013,car
1202,73.87901816,49.20097023,1014,car
1202,73.2335158,48.48677025,1015,car
1202,72.58042969,47.78755931,1016,car
1202,71.87111265,47.06175099,1017,car
1202,71.0677307,46.28857288,1018,car
1202,70.13923498,45.44549403,1019,car
1202,69.08587242,44.53377957,1020,car
1202,67.95123166,43.62179131,1021,car
1202,66.77729722,42.78784071,1022,car
1202,65.59551749,42.09403849,1023,car
1202,64.44642078,41.55584626,1024,car
1202,63.35549133,41.17121663,1025,car
1202,62.35305366,40.83858631,1026,car
1202,61.43067986,40.57284204,1027,car
1202,60.59282614,40.37522811,1028,car
1202,59.87035371,40.16884481,1029,car
1202,59.26594433,39.97344098,1030,car
1202,58.77468428,39.80873937,1031,car
1202,58.38670687,39.68601069,1032,car
1202,58.11304137,39.56176171,1033,car
1202,57.91464581,39.49559129,1034,car
1202,57.77300187,39.44691671,1035,car
1202,57.65437494,39.41395037,1036,car
1202,57.55078005,39.38048947,1037,car
1202,57.3181151,39.26923098,1038,car
1202,56.87431394,39.11931814,1039,car
1202,56.25607984,38.87212017,1040,car
1202,55.49657045,38.54598435,1041,car
1202,54.64962772,38.14187479,1042,car
1202,53.78378014,37.70976502,1043,car
1202,53.00928487,37.31340644,1044,car
1202,52.38002496,36.98559566,1045,car
1202,51.94609615,36.75718131,1046,car
1202,51.7077157,36.63070604,1047,car
1202,51.61683972,36.58193072,1048,car
1202,51.61315863,36.57928241,1049,car
1202,51.61315863,36.57928241,1050,car
1202,51.61315863,36.57928241,1051,car
1202,51.61315863,36.57928241,1052,car
1202,51.61315863,36.57928241,1053,car
1202,51.61315863,36.57928241,1054,car
1202,51.53770231,36.5505185,1055,car
1202,50.9974254,36.2674841,1056,car
1202,50.00228394,35.73801399,1057,car
1202,48.40631158,34.87667057,1058,car
1202,46.23817146,33.69362162,1059,car
1202,43.73014477,32.3152992,1060,car
1202,41.1655497,30.89583265,1061,car
1202,38.75535126,29.54521633,1062,car
1202,36.61447199,28.32130298,1063,car
1202,34.77592603,27.21689728,1064,car
1202,33.13340248,26.21522329,1065,car
1202,31.58460011,25.21503095,1066,car
1202,30.04169623,24.22526458,1067,car
1203,76.31955,51.50914094,1020,car
1203,75.27078393,50.68182053,1021,car
1203,74.27662072,49.84811988,1022,car
1203,73.34241773,49.00173383,1023,car
1203,72.43871804,48.13017831,1024,car
1203,71.5264051,47.23888557,1025,car
1203,70.57657974,46.33699118,1026,car
1203,69.54091998,45.42939551,1027,car
1203,68.4228754,44.5828488,1028,car
1203,67.31224535,43.87662176,1029,car
1203,66.29572442,43.34449438,1030,car
1203,65.44268901,42.93195914,1031,car
1203,64.78373298,42.64859352,1032,car
1203,64.35954758,42.42316825,1033,car
1203,64.1116937,42.31949107,1034,car
1203,64.0028877,42.27564139,1035,car
1203,63.97858117,42.2670716,1036,car
1203,63.97858117,42.2670716,1037,car
1203,63.97858117,42.2670716,1038,car
1203,63.97858117,42.2670716,1039,car
1203,63.97858117,42.2670716,1040,car
1203,63.97858117,42.2670716,1041,car
1203,63.97858117,42.2670716,1042,car
1203,63.90455815,42.25383397,1043,car
1203,63.51211183,42.10332401,1044,car
1203,62.87398232,41.80397416,1045,car
1203,61.99803583,41.38293508,1046,car
1203,60.97095456,40.80896627,1047,car
1203,59.77402162,40.24652289,1048,car
1203,58.81388798,39.76402092,1049,car
1203,58.21761455,39.45868998,1050,car
1203,57.95216583,39.32331448,1051,car
1203,57.93074373,39.31012493,1052,car
1203,58.06468822,39.37527917,1053,car
1203,58.26511539,39.47543617,1054,car
1203,58.44319144,39.56714996,1055,car
1203,58.51022362,39.60666756,1056,car
1203,58.37763466,39.54998635,1057,car
1203,57.95691382,39.35296192,1058,car
1203,57.15957779,38.9713924,1059,car
1203,55.8978568,38.35960801,1060,car
1203,54.14467671,37.50928945,1061,car
1203,52.03598122,36.48090148,1062,car
1203,49.96887918,35.47315054,1063,car
1203,47.90374029,34.45764382,1064,car
1203,45.84048576,33.4265956,1065,car
1203,43.7812173,32.37578373,1066,car
1203,41.73425363,31.30245917,1067,car
1203,39.69527654,30.19618506,1068,car
1203,37.63053303,29.02951992,1069,car
1203,35.51502603,27.77801285,1070,car
1203,33.36412991,26.44502399,1071,car
1203,31.22843109,25.05279306,1072,car
1203,29.19345609,23.69461639,1073,car
1203,27.31960814,22.39552214,1074,car
1203,25.52303882,21.15267897,1075,car
1204,82.07314983,54.27564042,1074,car
1204,79.92177978,52.90729193,1075,car
1204,77.8132373,51.57602466,1076,car
1204,75.78108524,50.28948915,1077,car
1204,73.85724938,49.04450597,1078,car
1204,72.03997149,47.82555088,1079,car
1204,70.26085271,46.5954499,1080,car
1204,68.64941952,45.43120781,1081,car
1204,67.2764111,44.47846144,1082,car
1204,66.19484339,43.78544153,1083,car
1204,65.4208531,43.35249412,1084,car
1204,64.92463004,43.08042649,1085,car
1204,64.60242587,42.93222003,1086,car
1204,64.37970598,42.81993445,1087,car
1204,64.19367077,42.71854452,1088,car
1204,63.99306938,42.61172358,1089,car
1204,63.73653723,42.45548267,1090,car
1204,63.34344247,42.27862199,1091,car
1204,62.77607583,42.03362605,1092,car
1204,62.00633944,41.72678138,1093,car
1204,61.04919246,41.34607078,1094,car
1204,59.96562143,40.81681001,1095,car
1204,58.70815831,40.27571628,1096,car
1204,56.64477996,39.39376953,1097,car
1204,53.82749398,38.11895209,1098,car
1204,50.97868994,36.69036748,1099,car
1204,48.34159578,35.28792652,1100,car
1204,45.81608596,33.91287153,1101,car
1204,43.27747816,32.51412618,1102,car
1204,40.74003216,31.08828948,1103,car
1204,38.19155256,29.62505695,1104,car
1204,35.63316223,28.10335962,1105,car
1204,33.0704079,26.5328105,1106,car
1204,30.55537704,24.89252187,1107,car
1204,28.107127,23.25052836,1108,car
1204,25.74400899,21.58317773,1109,car
1204,23.39795366,19.92465881,1110,car
1205,77.58566521,50.88824432,1082,car
1205,75.7359543,49.72072774,1083,car
1205,74.0201958,48.65888615,1084,car
1205,72.53361907,47.73183408,1085,car
1205,71.31463066,47.01152921,1086,car
1205,70.39303267,46.453595,1087,car
1205,69.73514426,46.04346478,1088,car
1205,69.28528346,45.76472759,1089,car
1205,68.97251317,45.56305698,1090,car
1205,68.73541931,45.41544772,1091,car
1205,68.54436072,45.30697947,1092,car
1205,68.3592142,45.20050692,1093,car
1205,68.12532031,45.07624548,1094,car
1205,67.81638355,44.91508612,1095,car
1205,67.44803461,44.70781153,1096,car
1205,67.06026992,44.50044821,1097,car
1205,66.73631223,44.31496995,1098,car
1205,66.50511004,44.17508589,1099,car
1205,66.34016489,44.07211597,1100,car
1205,66.1881436,43.96798714,1101,car
1205,65.98638147,43.84089149,1102,car
1205,65.68670513,43.6670576,1103,car
1205,65.24578085,43.42183048,1104,car
1205,64.63408508,43.10133575,1105,car
1205,63.86982003,42.71290872,1106,car
1205,62.98501521,42.26308228,1107,car
1205,62.02237081,41.73953189,1108,car
1205,60.99938892,41.18430816,1109,car
1205,59.92966705,40.63636945,1110,car
1205,58.88123219,40.081105,1111,car
1205,57.72478411,39.47974631,1112,car
1205,56.41320129,38.79768595,1113,car
1205,54.89974181,38.00515747,1114,car
1205,53.16665088,37.09313923,1115,car
1205,51.23240788,36.06303003,1116,car
1205,49.23673543,35.00134369,1117,car
1205,47.0080517,33.80995101,1118,car
1205,44.51308582,32.45481145,1119,car
1205,41.83939167,30.98336042,1120,car
1205,39.09688782,29.43486035,1121,car
1205,36.34808301,27.8257308,1122,car
1205,33.60944532,26.16107333,1123,car
1205,30.91400368,24.46601053,1124,car
1205,28.30113723,22.76720573,1125,car
1205,25.75110209,21.06114972,1126,car
1205,23.23429356,19.35656476,1127,car
1206,76.05049462,50.3224117,1092,car
1206,75.55647781,50.09721588,1093,car
1206,75.12444036,49.90519549,1094,car
1206,74.74554915,49.72670296,1095,car
1206,74.3766986,49.53176665,1096,car
1206,73.97352705,49.31614952,1097,car
1206,73.55421988,49.06744316,1098,car
1206,73.16888006,48.82552173,1099,car
1206,72.81535573,48.60227419,1100,car
1206,72.48178217,48.39064218,1101,car
1206,72.17920929,48.21044466,1102,car
1206,71.95154539,48.06983064,1103,car
1206,71.77650904,47.98439472,1104,car
1206,71.62338252,47.92082247,1105,car
1206,71.47306452,47.85726254,1106,car
1206,71.30854431,47.78046959,1107,car
1206,71.10506914,47.67552075,1108,car
1206,70.83928112,47.52413492,1109,car
1206,70.47325507,47.3032927,1110,car
1206,69.98400703,46.99153252,1111,car
1206,69.39002256,46.62086639,1112,car
1206,68.75671081,46.24999027,1113,car
1206,68.13644071,45.91359711,1114,car
1206,67.55150402,45.60448995,1115,car
1206,66.98508807,45.34521222,1116,car
1206,66.45745236,45.09040302,1117,car
1206,65.94437273,44.84051297,1118,car
1206,65.39632644,44.59579182,1119,car
1206,64.78853041,44.27855372,1120,car
1206,64.12317655,43.90819722,1121,car
1206,63.43162738,43.54685358,1122,car
1206,62.76662079,43.16278875,1123,car
1206,62.08271013,42.87021743,1124,car
1206,61.52395039,42.51978504,1125,car
1206,61.06759217,42.19714438,1126,car
1206,60.70495385,41.93754208,1127,car
1206,60.42284557,41.72592476,1128,car
1206,60.18921358,41.57422225,1129,car
1206,59.92765976,41.52316094,1130,car
1206,59.76018927,41.44382559,1131,car
1206,59.59657216,41.35600855,1132,car
1206,59.4394504,41.27290649,1133,car
1206,59.28565286,41.1791181,1134,car
1206,59.12181413,41.08085254,1135,car
1206,58.93268788,40.97217108,1136,car
1206,58.68986287,40.83499228,1137,car
1206,58.35257385,40.656173,1138,car
1206,57.93814868,40.40452948,1139,car
1206,57.12043642,39.92936607,1140,car
1206,55.84061788,39.23101206,1141,car
1206,54.21467713,38.35261815,1142,car
1206,52.32697635,37.3505493,1143,car
1206,50.51087114,36.36560429,1144,car
1206,48.71931019,35.36280706,1145,car
1206,46.98472213,34.35993327,1146,car
1206,45.32346036,33.36838346,1147,car
1206,43.71731087,32.38159371,1148,car
1206,42.10747471,31.37357851,1149,car
1206,40.39644895,30.29501436,1150,car
1206,38.50575927,29.10627983,1151,car
1206,36.43527718,27.81106984,1152,car
1206,34.23750224,26.43245429,1153,car
1206,31.99144798,25.0062634,1154,car
1206,29.80979488,23.61147312,1155,car
1206,27.79426816,22.30350699,1156,car
1206,25.92617105,21.09128182,1157,car
1207,72.26641047,48.19884318,1135,car
1207,71.55539347,47.70175319,1136,car
1207,70.81927065,47.23134133,1137,car
1207,70.07989856,46.80171171,1138,car
1207,69.3190524,46.41042522,1139,car
1207,68.46392287,46.02165733,1140,car
1207,67.52347908,45.60159369,1141,car
1207,66.54042847,45.14509055,1142,car
1207,65.49656084,44.60890203,1143,car
1207,64.36357512,43.96455179,1144,car
1207,63.15972903,43.24733144,1145,car
1207,61.93478429,42.50176202,1146,car
1207,60.72667877,41.76502534,1147,car
1207,59.57940411,41.07352447,1148,car
1207,58.16137978,40.2514882,1149,car
1207,56.38661254,39.24589635,1150,car
1207,54.31259251,38.08236221,1151,car
1207,52.05112815,36.81770029,1152,car
1207,49.66975673,35.48745901,1153,car
1207,47.2635999,34.14415346,1154,car
1207,44.76992533,32.76193237,1155,car
1207,42.20047607,31.31675963,1156,car
1207,39.5645959,29.79827237,1157,car
1207,36.93111643,28.2095551,1158,car
1207,34.45114525,26.65713745,1159,car
1207,32.20089967,25.1862792,1160,car
1207,30.14472641,23.81256584,1161,car
1207,28.22483266,22.47705954,1162,car
1207,26.36676672,21.18653512,1163,car
1426,61.91936808,44.57228851,1094,car
1426,61.87283294,44.51577583,1095,car
1426,61.80871845,44.4342575,1096,car
1426,61.70967865,44.30627928,1097,car
1426,61.54899702,44.10575857,1098,car
1426,61.29450055,43.77606741,1099,car
1426,60.84864994,43.28140988,1100,car
1426,60.16303441,42.5987778,1101,car
1426,59.24649245,41.86296036,1102,car
1426,58.36480358,41.01509064,1103,car
1426,57.19254924,40.13015027,1104,car
1426,55.77208404,39.17610312,1105,car
1426,54.20545916,38.22189252,1106,car
1426,52.64914279,37.33999767,1107,car
1426,51.22947929,36.54772419,1108,car
1426,49.90141503,35.82027862,1109,car
1426,48.47632133,35.01254889,1110,car
1426,46.90823288,34.12538833,1111,car
1426,45.18310042,33.1520611,1112,car
1426,43.29340287,32.08335767,1113,car
1426,41.2414685,30.91075723,1114,car
1426,39.05175505,29.63621278,1115,car
1426,36.77824559,28.27770647,1116,car
1426,34.50635042,26.87887555,1117,car
1426,32.32503717,25.49236123,1118,car
1426,30.33371386,24.18713303,1119,car
1426,28.54171054,22.98802242,1120,car
1426,26.77510696,21.78662742,1121,car
1426,24.90948834,20.52969931,1122,car
1426,23.00196353,19.21026997,1123,car
